uid,clust_no,collar_id,datetime,lon,lat
1,1,20428,2019-05-26 13:00,-96.5869,49.18597
1,1,20428,2019-05-26 13:30,-96.58675,49.1859
1,1,20428,2019-05-26 14:00,-96.58671,49.18681
1,1,20428,2019-05-26 14:30,-96.58788,49.1873
1,1,20428,2019-05-26 15:00,-96.58819,49.18739
1,1,20428,2019-05-26 15:30,-96.58815,49.18742
1,1,20428,2019-05-26 16:00,-96.58822,49.18735
1,1,20428,2019-05-26 16:30,-96.58811,49.18735
1,1,20428,2019-05-26 17:00,-96.58756,49.1869
2,1,20428,2019-05-26 13:30,-96.58675,49.1859
2,1,20428,2019-05-26 14:00,-96.58671,49.18681
2,1,20428,2019-05-26 14:30,-96.58788,49.1873
2,1,20428,2019-05-26 15:00,-96.58819,49.18739
2,1,20428,2019-05-26 15:30,-96.58815,49.18742
2,1,20428,2019-05-26 16:00,-96.58822,49.18735
2,1,20428,2019-05-26 16:30,-96.58811,49.18735
2,1,20428,2019-05-26 17:00,-96.58756,49.1869
2,1,20428,2019-05-26 17:30,-96.5881,49.18689
3,1,20428,2019-05-26 14:30,-96.58788,49.1873
3,1,20428,2019-05-26 15:00,-96.58819,49.18739
3,1,20428,2019-05-26 15:30,-96.58815,49.18742
3,1,20428,2019-05-26 16:00,-96.58822,49.18735
3,1,20428,2019-05-26 16:30,-96.58811,49.18735
3,1,20428,2019-05-26 17:00,-96.58756,49.1869
3,1,20428,2019-05-26 17:30,-96.5881,49.18689
3,1,20428,2019-05-26 18:00,-96.58828,49.18723
3,1,20428,2019-05-26 18:30,-96.58824,49.1871
4,2,20428,2019-06-23 15:30,-96.61065,49.17968
4,2,20428,2019-06-23 16:00,-96.61041,49.18018
4,2,20428,2019-06-23 16:30,-96.61143,49.18065
4,2,20428,2019-06-23 17:00,-96.61143,49.18066
4,2,20428,2019-06-23 17:30,-96.61146,49.18067
4,2,20428,2019-06-23 18:00,-96.61181,49.18078
4,2,20428,2019-06-23 18:30,-96.61177,49.18054
4,2,20428,2019-06-23 19:00,-96.61178,49.18009
4,2,20428,2019-06-23 19:30,-96.61205,49.17987
5,2,20428,2019-06-23 15:00,-96.61067,49.17966
5,2,20428,2019-06-23 15:30,-96.61065,49.17968
5,2,20428,2019-06-23 16:00,-96.61041,49.18018
5,2,20428,2019-06-23 16:30,-96.61143,49.18065
5,2,20428,2019-06-23 17:00,-96.61143,49.18066
5,2,20428,2019-06-23 17:30,-96.61146,49.18067
5,2,20428,2019-06-23 18:00,-96.61181,49.18078
5,2,20428,2019-06-23 18:30,-96.61177,49.18054
5,2,20428,2019-06-23 19:00,-96.61178,49.18009
6,2,20428,2019-06-23 14:30,-96.61081,49.17968
6,2,20428,2019-06-23 15:00,-96.61067,49.17966
6,2,20428,2019-06-23 15:30,-96.61065,49.17968
6,2,20428,2019-06-23 16:00,-96.61041,49.18018
6,2,20428,2019-06-23 16:30,-96.61143,49.18065
6,2,20428,2019-06-23 17:00,-96.61143,49.18066
6,2,20428,2019-06-23 17:30,-96.61146,49.18067
6,2,20428,2019-06-23 18:00,-96.61181,49.18078
6,2,20428,2019-06-23 18:30,-96.61177,49.18054
7,3,20428,2019-05-31 9:00,-96.6094,49.14064
7,3,20428,2019-05-31 9:30,-96.60938,49.14063
7,3,20428,2019-05-31 10:00,-96.6095,49.14062
7,3,20428,2019-05-31 10:30,-96.60995,49.14299
7,3,20428,2019-05-31 11:00,-96.61001,49.14302
7,3,20428,2019-05-31 11:30,-96.61179,49.14218
7,3,20428,2019-05-31 12:00,-96.61178,49.14217
7,3,20428,2019-05-31 12:30,-96.61183,49.14219
7,3,20428,2019-05-31 13:00,-96.61203,49.14209
8,3,20428,2019-05-31 10:30,-96.60995,49.14299
8,3,20428,2019-05-31 11:00,-96.61001,49.14302
8,3,20428,2019-05-31 11:30,-96.61179,49.14218
8,3,20428,2019-05-31 12:00,-96.61178,49.14217
8,3,20428,2019-05-31 12:30,-96.61183,49.14219
8,3,20428,2019-05-31 13:00,-96.61203,49.14209
8,3,20428,2019-05-31 13:31,-96.61426,49.14241
8,3,20428,2019-05-31 14:00,-96.617,49.1428
8,3,20428,2019-05-31 14:30,-96.61697,49.1428
9,3,20428,2019-05-31 9:30,-96.60938,49.14063
9,3,20428,2019-05-31 10:00,-96.6095,49.14062
9,3,20428,2019-05-31 10:30,-96.60995,49.14299
9,3,20428,2019-05-31 11:00,-96.61001,49.14302
9,3,20428,2019-05-31 11:30,-96.61179,49.14218
9,3,20428,2019-05-31 12:00,-96.61178,49.14217
9,3,20428,2019-05-31 12:30,-96.61183,49.14219
9,3,20428,2019-05-31 13:00,-96.61203,49.14209
9,3,20428,2019-05-31 13:31,-96.61426,49.14241
10,4,20428,2019-06-08 10:30,-96.64834,49.16326
10,4,20428,2019-06-08 11:00,-96.64853,49.16325
10,4,20428,2019-06-08 11:30,-96.64831,49.16323
10,4,20428,2019-06-08 12:00,-96.64826,49.16312
10,4,20428,2019-06-08 12:30,-96.64939,49.16314
10,4,20428,2019-06-08 13:00,-96.64935,49.16323
10,4,20428,2019-06-08 13:30,-96.64996,49.16267
10,4,20428,2019-06-08 14:00,-96.65001,49.16267
10,4,20428,2019-06-08 14:30,-96.64995,49.16263
11,4,20428,2019-06-08 19:00,-96.64981,49.16317
11,4,20428,2019-06-08 19:30,-96.64987,49.16317
11,4,20428,2019-06-08 20:00,-96.64991,49.16324
11,4,20428,2019-06-08 20:30,-96.64978,49.16312
11,4,20428,2019-06-08 21:00,-96.64939,49.16309
11,4,20428,2019-06-08 21:30,-96.64939,49.16261
11,4,20428,2019-06-08 22:00,-96.64931,49.16267
11,4,20428,2019-06-08 22:30,-96.64936,49.16278
11,4,20428,2019-06-08 23:00,-96.64801,49.16304
12,4,20428,2019-06-08 11:00,-96.64853,49.16325
12,4,20428,2019-06-08 11:30,-96.64831,49.16323
12,4,20428,2019-06-08 12:00,-96.64826,49.16312
12,4,20428,2019-06-08 12:30,-96.64939,49.16314
12,4,20428,2019-06-08 13:00,-96.64935,49.16323
12,4,20428,2019-06-08 13:30,-96.64996,49.16267
12,4,20428,2019-06-08 14:00,-96.65001,49.16267
12,4,20428,2019-06-08 14:30,-96.64995,49.16263
12,4,20428,2019-06-08 15:00,-96.6498,49.16267
13,5,20428,2019-05-28 20:00,-96.55909,49.19648
13,5,20428,2019-05-28 20:30,-96.55809,49.19588
13,5,20428,2019-05-28 21:00,-96.55782,49.19514
13,5,20428,2019-05-28 21:30,-96.55822,49.19477
13,5,20428,2019-05-28 22:00,-96.55778,49.19477
13,5,20428,2019-05-28 22:30,-96.55798,49.19472
13,5,20428,2019-05-28 23:00,-96.55762,49.19501
13,5,20428,2019-05-28 23:30,-96.55764,49.19496
13,5,20428,2019-05-29 0:00,-96.55761,49.19499
14,5,20428,2019-05-28 20:30,-96.55809,49.19588
14,5,20428,2019-05-28 21:00,-96.55782,49.19514
14,5,20428,2019-05-28 21:30,-96.55822,49.19477
14,5,20428,2019-05-28 22:00,-96.55778,49.19477
14,5,20428,2019-05-28 22:30,-96.55798,49.19472
14,5,20428,2019-05-28 23:00,-96.55762,49.19501
14,5,20428,2019-05-28 23:30,-96.55764,49.19496
14,5,20428,2019-05-29 0:00,-96.55761,49.19499
14,5,20428,2019-05-29 0:30,-96.55759,49.19502
15,5,20428,2019-05-28 21:30,-96.55822,49.19477
15,5,20428,2019-05-28 22:00,-96.55778,49.19477
15,5,20428,2019-05-28 22:30,-96.55798,49.19472
15,5,20428,2019-05-28 23:00,-96.55762,49.19501
15,5,20428,2019-05-28 23:30,-96.55764,49.19496
15,5,20428,2019-05-29 0:00,-96.55761,49.19499
15,5,20428,2019-05-29 0:30,-96.55759,49.19502
15,5,20428,2019-05-29 1:00,-96.55766,49.19497
15,5,20428,2019-05-29 1:30,-96.55765,49.19589
16,5,20428,2019-05-28 20:00,-96.55909,49.19648
16,5,20428,2019-05-28 20:30,-96.55809,49.19588
16,5,20428,2019-05-28 21:00,-96.55782,49.19514
16,5,20428,2019-05-28 21:30,-96.55822,49.19477
16,5,20428,2019-05-28 22:00,-96.55778,49.19477
16,5,20428,2019-05-28 22:30,-96.55798,49.19472
16,5,20428,2019-05-28 23:00,-96.55762,49.19501
16,5,20428,2019-05-28 23:30,-96.55764,49.19496
16,5,20428,2019-05-29 0:00,-96.55761,49.19499
17,5,20428,2019-05-28 20:30,-96.55809,49.19588
17,5,20428,2019-05-28 21:00,-96.55782,49.19514
17,5,20428,2019-05-28 21:30,-96.55822,49.19477
17,5,20428,2019-05-28 22:00,-96.55778,49.19477
17,5,20428,2019-05-28 22:30,-96.55798,49.19472
17,5,20428,2019-05-28 23:00,-96.55762,49.19501
17,5,20428,2019-05-28 23:30,-96.55764,49.19496
17,5,20428,2019-05-29 0:00,-96.55761,49.19499
17,5,20428,2019-05-29 0:30,-96.55759,49.19502
18,5,20428,2019-05-28 21:30,-96.55822,49.19477
18,5,20428,2019-05-28 22:00,-96.55778,49.19477
18,5,20428,2019-05-28 22:30,-96.55798,49.19472
18,5,20428,2019-05-28 23:00,-96.55762,49.19501
18,5,20428,2019-05-28 23:30,-96.55764,49.19496
18,5,20428,2019-05-29 0:00,-96.55761,49.19499
18,5,20428,2019-05-29 0:30,-96.55759,49.19502
18,5,20428,2019-05-29 1:00,-96.55766,49.19497
18,5,20428,2019-05-29 1:30,-96.55765,49.19589
19,6,20436,2019-06-05 17:00,-96.60842,49.19614
19,6,20436,2019-06-05 17:30,-96.60854,49.1962
19,6,20436,2019-06-05 18:00,-96.60897,49.19646
19,6,20436,2019-06-05 18:30,-96.60777,49.19658
19,6,20436,2019-06-05 19:00,-96.60794,49.19654
19,6,20436,2019-06-05 19:30,-96.60789,49.19667
19,6,20436,2019-06-05 20:00,-96.60863,49.19691
19,6,20436,2019-06-05 20:30,-96.60963,49.19667
19,6,20436,2019-06-05 21:00,-96.60898,49.19859
20,6,20436,2019-06-05 8:30,-96.60761,49.19735
20,6,20436,2019-06-05 9:00,-96.60763,49.19734
20,6,20436,2019-06-05 9:30,-96.60767,49.19737
20,6,20436,2019-06-05 10:00,-96.60753,49.19736
20,6,20436,2019-06-05 10:30,-96.60779,49.19658
20,6,20436,2019-06-05 11:00,-96.60815,49.19722
20,6,20436,2019-06-05 11:30,-96.60824,49.19754
20,6,20436,2019-06-05 12:00,-96.60819,49.19753
20,6,20436,2019-06-05 12:30,-96.60825,49.19755
21,6,20436,2019-06-05 14:30,-96.60818,49.19684
21,6,20436,2019-06-05 15:00,-96.60833,49.19686
21,6,20436,2019-06-05 15:30,-96.60808,49.19672
21,6,20436,2019-06-05 16:00,-96.60844,49.19608
21,6,20436,2019-06-05 16:30,-96.60843,49.19626
21,6,20436,2019-06-05 17:00,-96.60842,49.19614
21,6,20436,2019-06-05 17:30,-96.60854,49.1962
21,6,20436,2019-06-05 18:00,-96.60897,49.19646
21,6,20436,2019-06-05 18:30,-96.60777,49.19658
22,7,20436,2019-06-05 6:00,-96.60862,49.19798
22,7,20436,2019-06-05 6:30,-96.60846,49.1977
22,7,20436,2019-06-05 7:00,-96.60856,49.19741
22,7,20436,2019-06-05 7:30,-96.60787,49.19674
22,7,20436,2019-06-05 8:00,-96.60756,49.19729
22,7,20436,2019-06-05 8:30,-96.60761,49.19735
22,7,20436,2019-06-05 9:00,-96.60763,49.19734
22,7,20436,2019-06-05 9:30,-96.60767,49.19737
22,7,20436,2019-06-05 10:00,-96.60753,49.19736
23,7,20436,2019-06-05 7:00,-96.60856,49.19741
23,7,20436,2019-06-05 7:30,-96.60787,49.19674
23,7,20436,2019-06-05 8:00,-96.60756,49.19729
23,7,20436,2019-06-05 8:30,-96.60761,49.19735
23,7,20436,2019-06-05 9:00,-96.60763,49.19734
23,7,20436,2019-06-05 9:30,-96.60767,49.19737
23,7,20436,2019-06-05 10:00,-96.60753,49.19736
23,7,20436,2019-06-05 10:30,-96.60779,49.19658
23,7,20436,2019-06-05 11:00,-96.60815,49.19722
24,7,20436,2019-06-05 6:30,-96.60846,49.1977
24,7,20436,2019-06-05 7:00,-96.60856,49.19741
24,7,20436,2019-06-05 7:30,-96.60787,49.19674
24,7,20436,2019-06-05 8:00,-96.60756,49.19729
24,7,20436,2019-06-05 8:30,-96.60761,49.19735
24,7,20436,2019-06-05 9:00,-96.60763,49.19734
24,7,20436,2019-06-05 9:30,-96.60767,49.19737
24,7,20436,2019-06-05 10:00,-96.60753,49.19736
24,7,20436,2019-06-05 10:30,-96.60779,49.19658
25,8,20436,2019-06-15 12:00,-96.58933,49.19052
25,8,20436,2019-06-15 12:30,-96.58913,49.19044
25,8,20436,2019-06-15 13:00,-96.58961,49.19034
25,8,20436,2019-06-15 13:30,-96.58981,49.19075
25,8,20436,2019-06-15 14:00,-96.58971,49.19021
25,8,20436,2019-06-15 14:30,-96.58962,49.19019
25,8,20436,2019-06-15 15:00,-96.58089,49.20111
25,8,20436,2019-06-15 15:30,-96.5805,49.20194
25,8,20436,2019-06-15 16:00,-96.58041,49.2019
26,8,20436,2019-06-15 12:30,-96.58913,49.19044
26,8,20436,2019-06-15 13:00,-96.58961,49.19034
26,8,20436,2019-06-15 13:30,-96.58981,49.19075
26,8,20436,2019-06-15 14:00,-96.58971,49.19021
26,8,20436,2019-06-15 14:30,-96.58962,49.19019
26,8,20436,2019-06-15 15:00,-96.58089,49.20111
26,8,20436,2019-06-15 15:30,-96.5805,49.20194
26,8,20436,2019-06-15 16:00,-96.58041,49.2019
26,8,20436,2019-06-15 16:30,-96.58062,49.20209
27,8,20436,2019-06-15 11:00,-96.58934,49.19054
27,8,20436,2019-06-15 11:30,-96.58934,49.19054
27,8,20436,2019-06-15 12:00,-96.58933,49.19052
27,8,20436,2019-06-15 12:30,-96.58913,49.19044
27,8,20436,2019-06-15 13:00,-96.58961,49.19034
27,8,20436,2019-06-15 13:30,-96.58981,49.19075
27,8,20436,2019-06-15 14:00,-96.58971,49.19021
27,8,20436,2019-06-15 14:30,-96.58962,49.19019
27,8,20436,2019-06-15 15:00,-96.58089,49.20111
28,9,15454,2019-05-29 12:00,-96.59849,49.14447
28,9,15454,2019-05-29 12:30,-96.59867,49.14438
28,9,15454,2019-05-29 13:00,-96.59923,49.14449
28,9,15454,2019-05-29 13:30,-96.59904,49.14438
28,9,15454,2019-05-29 14:00,-96.59911,49.14449
28,9,15454,2019-05-29 14:30,-96.59914,49.14439
28,9,15454,2019-05-29 15:00,-96.59621,49.14314
28,9,15454,2019-05-29 15:30,-96.59625,49.14303
28,9,15454,2019-05-29 16:00,-96.59631,49.14227
29,9,15454,2019-05-29 12:30,-96.59867,49.14438
29,9,15454,2019-05-29 13:00,-96.59923,49.14449
29,9,15454,2019-05-29 13:30,-96.59904,49.14438
29,9,15454,2019-05-29 14:00,-96.59911,49.14449
29,9,15454,2019-05-29 14:30,-96.59914,49.14439
29,9,15454,2019-05-29 15:00,-96.59621,49.14314
29,9,15454,2019-05-29 15:30,-96.59625,49.14303
29,9,15454,2019-05-29 16:00,-96.59631,49.14227
29,9,15454,2019-05-29 16:30,-96.59636,49.14222
30,9,15454,2019-05-29 11:30,-96.5996,49.14478
30,9,15454,2019-05-29 12:00,-96.59849,49.14447
30,9,15454,2019-05-29 12:30,-96.59867,49.14438
30,9,15454,2019-05-29 13:00,-96.59923,49.14449
30,9,15454,2019-05-29 13:30,-96.59904,49.14438
30,9,15454,2019-05-29 14:00,-96.59911,49.14449
30,9,15454,2019-05-29 14:30,-96.59914,49.14439
30,9,15454,2019-05-29 15:00,-96.59621,49.14314
30,9,15454,2019-05-29 15:30,-96.59625,49.14303
31,10,15454,2019-05-29 15:00,-96.59621,49.14314
31,10,15454,2019-05-29 15:30,-96.59625,49.14303
31,10,15454,2019-05-29 16:00,-96.59631,49.14227
31,10,15454,2019-05-29 16:30,-96.59636,49.14222
31,10,15454,2019-05-29 17:00,-96.5963,49.1422
31,10,15454,2019-05-29 17:30,-96.5962,49.14236
31,10,15454,2019-05-29 18:00,-96.59616,49.14233
31,10,15454,2019-05-29 18:30,-96.59622,49.14232
31,10,15454,2019-05-29 19:00,-96.59648,49.14266
32,10,15454,2019-05-29 14:30,-96.59914,49.14439
32,10,15454,2019-05-29 15:00,-96.59621,49.14314
32,10,15454,2019-05-29 15:30,-96.59625,49.14303
32,10,15454,2019-05-29 16:00,-96.59631,49.14227
32,10,15454,2019-05-29 16:30,-96.59636,49.14222
32,10,15454,2019-05-29 17:00,-96.5963,49.1422
32,10,15454,2019-05-29 17:30,-96.5962,49.14236
32,10,15454,2019-05-29 18:00,-96.59616,49.14233
32,10,15454,2019-05-29 18:30,-96.59622,49.14232
33,10,15454,2019-05-29 14:00,-96.59911,49.14449
33,10,15454,2019-05-29 14:30,-96.59914,49.14439
33,10,15454,2019-05-29 15:00,-96.59621,49.14314
33,10,15454,2019-05-29 15:30,-96.59625,49.14303
33,10,15454,2019-05-29 16:00,-96.59631,49.14227
33,10,15454,2019-05-29 16:30,-96.59636,49.14222
33,10,15454,2019-05-29 17:00,-96.5963,49.1422
33,10,15454,2019-05-29 17:30,-96.5962,49.14236
33,10,15454,2019-05-29 18:00,-96.59616,49.14233
34,11,15454,2019-05-30 15:00,-96.58826,49.15034
34,11,15454,2019-05-30 15:30,-96.58828,49.14981
34,11,15454,2019-05-30 16:00,-96.58795,49.15002
34,11,15454,2019-05-30 16:30,-96.58802,49.14985
34,11,15454,2019-05-30 17:00,-96.5875,49.14952
34,11,15454,2019-05-30 17:30,-96.58727,49.14943
34,11,15454,2019-05-30 18:00,-96.58751,49.1495
34,11,15454,2019-05-30 18:30,-96.58746,49.14952
34,11,15454,2019-05-30 19:00,-96.58812,49.15031
35,11,15454,2019-05-30 14:30,-96.58932,49.14966
35,11,15454,2019-05-30 15:00,-96.58826,49.15034
35,11,15454,2019-05-30 15:30,-96.58828,49.14981
35,11,15454,2019-05-30 16:00,-96.58795,49.15002
35,11,15454,2019-05-30 16:30,-96.58802,49.14985
35,11,15454,2019-05-30 17:00,-96.5875,49.14952
35,11,15454,2019-05-30 17:30,-96.58727,49.14943
35,11,15454,2019-05-30 18:00,-96.58751,49.1495
35,11,15454,2019-05-30 18:30,-96.58746,49.14952
36,11,15454,2019-05-30 16:00,-96.58795,49.15002
36,11,15454,2019-05-30 16:30,-96.58802,49.14985
36,11,15454,2019-05-30 17:00,-96.5875,49.14952
36,11,15454,2019-05-30 17:30,-96.58727,49.14943
36,11,15454,2019-05-30 18:00,-96.58751,49.1495
36,11,15454,2019-05-30 18:30,-96.58746,49.14952
36,11,15454,2019-05-30 19:00,-96.58812,49.15031
36,11,15454,2019-05-30 19:30,-96.58867,49.15012
36,11,15454,2019-05-30 20:00,-96.58872,49.15011
37,12,20428,2019-05-15 7:00,-96.57346,49.17146
37,12,20428,2019-05-15 7:30,-96.57268,49.17235
37,12,20428,2019-05-15 8:00,-96.57223,49.17252
37,12,20428,2019-05-15 8:30,-96.57227,49.17249
37,12,20428,2019-05-15 9:00,-96.57222,49.17256
37,12,20428,2019-05-15 9:30,-96.57238,49.17262
37,12,20428,2019-05-15 10:00,-96.5723,49.17255
37,12,20428,2019-05-15 10:30,-96.57226,49.17255
37,12,20428,2019-05-15 11:00,-96.57225,49.17255
38,12,20428,2019-05-15 8:30,-96.57227,49.17249
38,12,20428,2019-05-15 9:00,-96.57222,49.17256
38,12,20428,2019-05-15 9:30,-96.57238,49.17262
38,12,20428,2019-05-15 10:00,-96.5723,49.17255
38,12,20428,2019-05-15 10:30,-96.57226,49.17255
38,12,20428,2019-05-15 11:00,-96.57225,49.17255
38,12,20428,2019-05-15 11:30,-96.57224,49.1725
38,12,20428,2019-05-15 12:00,-96.57171,49.1729
38,12,20428,2019-05-15 12:30,-96.56912,49.1758
39,12,20428,2019-05-15 9:00,-96.57222,49.17256
39,12,20428,2019-05-15 9:30,-96.57238,49.17262
39,12,20428,2019-05-15 10:00,-96.5723,49.17255
39,12,20428,2019-05-15 10:30,-96.57226,49.17255
39,12,20428,2019-05-15 11:00,-96.57225,49.17255
39,12,20428,2019-05-15 11:30,-96.57224,49.1725
39,12,20428,2019-05-15 12:00,-96.57171,49.1729
39,12,20428,2019-05-15 12:30,-96.56912,49.1758
39,12,20428,2019-05-15 13:00,-96.56766,49.1781
40,13,15451,2019-07-05 10:00,-96.53305,49.34401
40,13,15451,2019-07-05 10:30,-96.53311,49.34388
40,13,15451,2019-07-05 11:00,-96.53262,49.34483
40,13,15451,2019-07-05 11:30,-96.52792,49.34151
40,13,15451,2019-07-05 12:00,-96.52783,49.34129
40,13,15451,2019-07-05 12:30,-96.52788,49.34126
40,13,15451,2019-07-05 13:00,-96.52788,49.34124
40,13,15451,2019-07-05 13:30,-96.52788,49.34122
40,13,15451,2019-07-05 14:00,-96.52785,49.34126
41,13,15451,2019-07-05 10:30,-96.53311,49.34388
41,13,15451,2019-07-05 11:00,-96.53262,49.34483
41,13,15451,2019-07-05 11:30,-96.52792,49.34151
41,13,15451,2019-07-05 12:00,-96.52783,49.34129
41,13,15451,2019-07-05 12:30,-96.52788,49.34126
41,13,15451,2019-07-05 13:00,-96.52788,49.34124
41,13,15451,2019-07-05 13:30,-96.52788,49.34122
41,13,15451,2019-07-05 14:00,-96.52785,49.34126
41,13,15451,2019-07-05 14:30,-96.52788,49.34125
42,13,15451,2019-07-05 12:00,-96.52783,49.34129
42,13,15451,2019-07-05 12:30,-96.52788,49.34126
42,13,15451,2019-07-05 13:00,-96.52788,49.34124
42,13,15451,2019-07-05 13:30,-96.52788,49.34122
42,13,15451,2019-07-05 14:00,-96.52785,49.34126
42,13,15451,2019-07-05 14:30,-96.52788,49.34125
42,13,15451,2019-07-05 15:00,-96.52793,49.34117
42,13,15451,2019-07-05 15:30,-96.52789,49.34116
42,13,15451,2019-07-05 16:00,-96.52787,49.34116
43,14,20435,2019-05-26 6:30,-96.59752,49.14156
43,14,20435,2019-05-26 7:00,-96.59747,49.14142
43,14,20435,2019-05-26 7:30,-96.59749,49.14136
43,14,20435,2019-05-26 8:00,-96.59751,49.14146
43,14,20435,2019-05-26 8:30,-96.59756,49.14138
43,14,20435,2019-05-26 9:00,-96.59752,49.14137
43,14,20435,2019-05-26 9:30,-96.59749,49.14139
43,14,20435,2019-05-26 10:00,-96.59749,49.14138
43,14,20435,2019-05-26 10:30,-96.598,49.14109
44,14,20435,2019-05-26 7:00,-96.59747,49.14142
44,14,20435,2019-05-26 7:30,-96.59749,49.14136
44,14,20435,2019-05-26 8:00,-96.59751,49.14146
44,14,20435,2019-05-26 8:30,-96.59756,49.14138
44,14,20435,2019-05-26 9:00,-96.59752,49.14137
44,14,20435,2019-05-26 9:30,-96.59749,49.14139
44,14,20435,2019-05-26 10:00,-96.59749,49.14138
44,14,20435,2019-05-26 10:30,-96.598,49.14109
44,14,20435,2019-05-26 11:00,-96.59844,49.14127
45,14,20435,2019-05-26 5:30,-96.5916,49.14022
45,14,20435,2019-05-26 6:00,-96.59498,49.14025
45,14,20435,2019-05-26 6:30,-96.59752,49.14156
45,14,20435,2019-05-26 7:00,-96.59747,49.14142
45,14,20435,2019-05-26 7:30,-96.59749,49.14136
45,14,20435,2019-05-26 8:00,-96.59751,49.14146
45,14,20435,2019-05-26 8:30,-96.59756,49.14138
45,14,20435,2019-05-26 9:00,-96.59752,49.14137
45,14,20435,2019-05-26 9:30,-96.59749,49.14139
46,15,20435,2019-05-30 15:00,-96.58613,49.14934
46,15,20435,2019-05-30 15:30,-96.58698,49.14968
46,15,20435,2019-05-30 16:00,-96.58945,49.1496
46,15,20435,2019-05-30 16:30,-96.58947,49.14972
46,15,20435,2019-05-30 17:00,-96.58929,49.14969
46,15,20435,2019-05-30 17:30,-96.5894,49.14963
46,15,20435,2019-05-30 18:00,-96.5894,49.14966
46,15,20435,2019-05-30 18:30,-96.58947,49.14964
46,15,20435,2019-05-30 19:00,-96.58951,49.14965
47,15,20435,2019-05-30 10:00,-96.58669,49.14907
47,15,20435,2019-05-30 10:30,-96.58661,49.14908
47,15,20435,2019-05-30 11:00,-96.58661,49.14903
47,15,20435,2019-05-30 11:30,-96.58673,49.14909
47,15,20435,2019-05-30 12:00,-96.58675,49.14903
47,15,20435,2019-05-30 12:30,-96.58704,49.14897
47,15,20435,2019-05-30 13:00,-96.58715,49.14898
47,15,20435,2019-05-30 13:30,-96.58702,49.14903
47,15,20435,2019-05-30 14:00,-96.58709,49.14911
48,15,20435,2019-05-30 14:30,-96.58717,49.14905
48,15,20435,2019-05-30 15:00,-96.58613,49.14934
48,15,20435,2019-05-30 15:30,-96.58698,49.14968
48,15,20435,2019-05-30 16:00,-96.58945,49.1496
48,15,20435,2019-05-30 16:30,-96.58947,49.14972
48,15,20435,2019-05-30 17:00,-96.58929,49.14969
48,15,20435,2019-05-30 17:30,-96.5894,49.14963
48,15,20435,2019-05-30 18:00,-96.5894,49.14966
48,15,20435,2019-05-30 18:30,-96.58947,49.14964
49,16,20435,2019-06-01 8:00,-96.61172,49.13944
49,16,20435,2019-06-01 8:30,-96.61181,49.13944
49,16,20435,2019-06-01 9:00,-96.61216,49.1394
49,16,20435,2019-06-01 9:30,-96.61238,49.13823
49,16,20435,2019-06-01 10:00,-96.61183,49.13843
49,16,20435,2019-06-01 10:30,-96.6118,49.13841
49,16,20435,2019-06-01 11:00,-96.61147,49.13834
49,16,20435,2019-06-01 11:30,-96.61154,49.13788
49,16,20435,2019-06-01 12:00,-96.6117,49.13782
50,16,20435,2019-06-01 8:30,-96.61181,49.13944
50,16,20435,2019-06-01 9:00,-96.61216,49.1394
50,16,20435,2019-06-01 9:30,-96.61238,49.13823
50,16,20435,2019-06-01 10:00,-96.61183,49.13843
50,16,20435,2019-06-01 10:30,-96.6118,49.13841
50,16,20435,2019-06-01 11:00,-96.61147,49.13834
50,16,20435,2019-06-01 11:30,-96.61154,49.13788
50,16,20435,2019-06-01 12:00,-96.6117,49.13782
50,16,20435,2019-06-01 12:30,-96.61126,49.13785
51,16,20435,2019-06-01 7:30,-96.61171,49.13952
51,16,20435,2019-06-01 8:00,-96.61172,49.13944
51,16,20435,2019-06-01 8:30,-96.61181,49.13944
51,16,20435,2019-06-01 9:00,-96.61216,49.1394
51,16,20435,2019-06-01 9:30,-96.61238,49.13823
51,16,20435,2019-06-01 10:00,-96.61183,49.13843
51,16,20435,2019-06-01 10:30,-96.6118,49.13841
51,16,20435,2019-06-01 11:00,-96.61147,49.13834
51,16,20435,2019-06-01 11:30,-96.61154,49.13788
52,17,20435,2019-06-28 10:00,-96.61142,49.14278
52,17,20435,2019-06-28 10:30,-96.61153,49.14275
52,17,20435,2019-06-28 11:00,-96.61143,49.14271
52,17,20435,2019-06-28 11:30,-96.61136,49.14271
52,17,20435,2019-06-28 12:00,-96.61149,49.14271
52,17,20435,2019-06-28 12:30,-96.61127,49.14279
52,17,20435,2019-06-28 13:00,-96.61122,49.14273
52,17,20435,2019-06-28 13:30,-96.6113,49.14272
52,17,20435,2019-06-28 14:00,-96.61192,49.14344
53,17,20435,2019-06-28 7:30,-96.60122,49.14116
53,17,20435,2019-06-28 8:00,-96.61369,49.14318
53,17,20435,2019-06-28 8:30,-96.61146,49.14256
53,17,20435,2019-06-28 9:00,-96.61148,49.14267
53,17,20435,2019-06-28 9:30,-96.61151,49.14272
53,17,20435,2019-06-28 10:00,-96.61142,49.14278
53,17,20435,2019-06-28 10:30,-96.61153,49.14275
53,17,20435,2019-06-28 11:00,-96.61143,49.14271
53,17,20435,2019-06-28 11:30,-96.61136,49.14271
54,17,20435,2019-06-28 7:00,-96.59615,49.14266
54,17,20435,2019-06-28 7:30,-96.60122,49.14116
54,17,20435,2019-06-28 8:00,-96.61369,49.14318
54,17,20435,2019-06-28 8:30,-96.61146,49.14256
54,17,20435,2019-06-28 9:00,-96.61148,49.14267
54,17,20435,2019-06-28 9:30,-96.61151,49.14272
54,17,20435,2019-06-28 10:00,-96.61142,49.14278
54,17,20435,2019-06-28 10:30,-96.61153,49.14275
54,17,20435,2019-06-28 11:00,-96.61143,49.14271
55,18,20425,2019-05-29 11:30,-96.58757,49.18216
55,18,20425,2019-05-29 12:00,-96.58717,49.18238
55,18,20425,2019-05-29 12:30,-96.58715,49.18221
55,18,20425,2019-05-29 13:00,-96.58712,49.18227
55,18,20425,2019-05-29 13:30,-96.58719,49.18231
55,18,20425,2019-05-29 14:00,-96.58713,49.1823
55,18,20425,2019-05-29 14:30,-96.58707,49.18219
55,18,20425,2019-05-29 15:00,-96.58693,49.18229
55,18,20425,2019-05-29 15:30,-96.58631,49.18177
56,18,20425,2019-05-29 12:00,-96.58717,49.18238
56,18,20425,2019-05-29 12:30,-96.58715,49.18221
56,18,20425,2019-05-29 13:00,-96.58712,49.18227
56,18,20425,2019-05-29 13:30,-96.58719,49.18231
56,18,20425,2019-05-29 14:00,-96.58713,49.1823
56,18,20425,2019-05-29 14:30,-96.58707,49.18219
56,18,20425,2019-05-29 15:00,-96.58693,49.18229
56,18,20425,2019-05-29 15:30,-96.58631,49.18177
56,18,20425,2019-05-29 16:00,-96.58632,49.18174
57,18,20425,2019-05-29 11:00,-96.58768,49.18167
57,18,20425,2019-05-29 11:30,-96.58757,49.18216
57,18,20425,2019-05-29 12:00,-96.58717,49.18238
57,18,20425,2019-05-29 12:30,-96.58715,49.18221
57,18,20425,2019-05-29 13:00,-96.58712,49.18227
57,18,20425,2019-05-29 13:30,-96.58719,49.18231
57,18,20425,2019-05-29 14:00,-96.58713,49.1823
57,18,20425,2019-05-29 14:30,-96.58707,49.18219
57,18,20425,2019-05-29 15:00,-96.58693,49.18229
58,19,20431,2019-06-06 15:30,-96.60342,49.16532
58,19,20431,2019-06-06 16:00,-96.60347,49.16526
58,19,20431,2019-06-06 16:30,-96.60345,49.16531
58,19,20431,2019-06-06 17:00,-96.60065,49.16438
58,19,20431,2019-06-06 17:30,-96.59924,49.16499
58,19,20431,2019-06-06 18:00,-96.59926,49.16415
58,19,20431,2019-06-06 18:30,-96.59826,49.16408
58,19,20431,2019-06-06 19:01,-96.59825,49.16404
58,19,20431,2019-06-06 19:30,-96.59814,49.16396
59,19,20431,2019-06-06 13:30,-96.60357,49.1652
59,19,20431,2019-06-06 14:00,-96.60351,49.16513
59,19,20431,2019-06-06 14:30,-96.60357,49.16517
59,19,20431,2019-06-06 15:00,-96.60347,49.16514
59,19,20431,2019-06-06 15:30,-96.60342,49.16532
59,19,20431,2019-06-06 16:00,-96.60347,49.16526
59,19,20431,2019-06-06 16:30,-96.60345,49.16531
59,19,20431,2019-06-06 17:00,-96.60065,49.16438
59,19,20431,2019-06-06 17:30,-96.59924,49.16499
60,19,20431,2019-06-06 14:30,-96.60357,49.16517
60,19,20431,2019-06-06 15:00,-96.60347,49.16514
60,19,20431,2019-06-06 15:30,-96.60342,49.16532
60,19,20431,2019-06-06 16:00,-96.60347,49.16526
60,19,20431,2019-06-06 16:30,-96.60345,49.16531
60,19,20431,2019-06-06 17:00,-96.60065,49.16438
60,19,20431,2019-06-06 17:30,-96.59924,49.16499
60,19,20431,2019-06-06 18:00,-96.59926,49.16415
60,19,20431,2019-06-06 18:30,-96.59826,49.16408
61,20,20425,2019-06-06 1:00,-96.56937,49.17254
61,20,20425,2019-06-06 1:30,-96.56934,49.17253
61,20,20425,2019-06-06 2:00,-96.56941,49.17246
61,20,20425,2019-06-06 2:30,-96.5694,49.17247
61,20,20425,2019-06-06 3:00,-96.56942,49.17249
61,20,20425,2019-06-06 3:30,-96.57293,49.17037
61,20,20425,2019-06-06 4:00,-96.57265,49.17031
61,20,20425,2019-06-06 4:30,-96.57288,49.1704
61,20,20425,2019-06-06 5:00,-96.57153,49.1713
62,20,20425,2019-06-06 0:30,-96.56924,49.17295
62,20,20425,2019-06-06 1:00,-96.56937,49.17254
62,20,20425,2019-06-06 1:30,-96.56934,49.17253
62,20,20425,2019-06-06 2:00,-96.56941,49.17246
62,20,20425,2019-06-06 2:30,-96.5694,49.17247
62,20,20425,2019-06-06 3:00,-96.56942,49.17249
62,20,20425,2019-06-06 3:30,-96.57293,49.17037
62,20,20425,2019-06-06 4:00,-96.57265,49.17031
62,20,20425,2019-06-06 4:30,-96.57288,49.1704
63,20,20425,2019-06-06 0:00,-96.57021,49.17447
63,20,20425,2019-06-06 0:30,-96.56924,49.17295
63,20,20425,2019-06-06 1:00,-96.56937,49.17254
63,20,20425,2019-06-06 1:30,-96.56934,49.17253
63,20,20425,2019-06-06 2:00,-96.56941,49.17246
63,20,20425,2019-06-06 2:30,-96.5694,49.17247
63,20,20425,2019-06-06 3:00,-96.56942,49.17249
63,20,20425,2019-06-06 3:30,-96.57293,49.17037
63,20,20425,2019-06-06 4:00,-96.57265,49.17031
64,21,15454,2019-05-26 14:00,-96.58727,49.18667
64,21,15454,2019-05-26 14:30,-96.58815,49.18709
64,21,15454,2019-05-26 15:00,-96.58836,49.18698
64,21,15454,2019-05-26 15:30,-96.58833,49.18651
64,21,15454,2019-05-26 16:00,-96.58831,49.18653
64,21,15454,2019-05-26 16:30,-96.5883,49.18651
64,21,15454,2019-05-26 17:00,-96.58842,49.18634
64,21,15454,2019-05-26 17:30,-96.58808,49.18611
64,21,15454,2019-05-26 18:00,-96.58754,49.18597
65,21,15454,2019-05-26 14:30,-96.58815,49.18709
65,21,15454,2019-05-26 15:00,-96.58836,49.18698
65,21,15454,2019-05-26 15:30,-96.58833,49.18651
65,21,15454,2019-05-26 16:00,-96.58831,49.18653
65,21,15454,2019-05-26 16:30,-96.5883,49.18651
65,21,15454,2019-05-26 17:00,-96.58842,49.18634
65,21,15454,2019-05-26 17:30,-96.58808,49.18611
65,21,15454,2019-05-26 18:00,-96.58754,49.18597
65,21,15454,2019-05-26 18:30,-96.58761,49.18588
66,21,15454,2019-05-26 13:30,-96.58675,49.18567
66,21,15454,2019-05-26 14:00,-96.58727,49.18667
66,21,15454,2019-05-26 14:30,-96.58815,49.18709
66,21,15454,2019-05-26 15:00,-96.58836,49.18698
66,21,15454,2019-05-26 15:30,-96.58833,49.18651
66,21,15454,2019-05-26 16:00,-96.58831,49.18653
66,21,15454,2019-05-26 16:30,-96.5883,49.18651
66,21,15454,2019-05-26 17:00,-96.58842,49.18634
66,21,15454,2019-05-26 17:30,-96.58808,49.18611
67,22,20425,2019-07-27 5:00,-96.58275,49.14815
67,22,20425,2019-07-27 5:30,-96.58081,49.1485
67,22,20425,2019-07-27 6:00,-96.59055,49.15164
67,22,20425,2019-07-27 6:30,-96.59046,49.15155
67,22,20425,2019-07-27 7:00,-96.59125,49.15306
67,22,20425,2019-07-27 7:30,-96.59145,49.15309
67,22,20425,2019-07-27 8:00,-96.59151,49.15305
67,22,20425,2019-07-27 8:30,-96.59146,49.15307
67,22,20425,2019-07-27 9:00,-96.5915,49.15313
68,22,20425,2019-07-27 6:30,-96.59046,49.15155
68,22,20425,2019-07-27 7:00,-96.59125,49.15306
68,22,20425,2019-07-27 7:30,-96.59145,49.15309
68,22,20425,2019-07-27 8:00,-96.59151,49.15305
68,22,20425,2019-07-27 8:30,-96.59146,49.15307
68,22,20425,2019-07-27 9:00,-96.5915,49.15313
68,22,20425,2019-07-27 9:30,-96.59144,49.15312
68,22,20425,2019-07-27 10:00,-96.59147,49.15309
68,22,20425,2019-07-27 10:30,-96.59166,49.15328
69,22,20425,2019-07-27 6:00,-96.59055,49.15164
69,22,20425,2019-07-27 6:30,-96.59046,49.15155
69,22,20425,2019-07-27 7:00,-96.59125,49.15306
69,22,20425,2019-07-27 7:30,-96.59145,49.15309
69,22,20425,2019-07-27 8:00,-96.59151,49.15305
69,22,20425,2019-07-27 8:30,-96.59146,49.15307
69,22,20425,2019-07-27 9:00,-96.5915,49.15313
69,22,20425,2019-07-27 9:30,-96.59144,49.15312
69,22,20425,2019-07-27 10:00,-96.59147,49.15309
70,23,20425,2019-05-29 11:30,-96.58757,49.18216
70,23,20425,2019-05-29 12:00,-96.58717,49.18238
70,23,20425,2019-05-29 12:30,-96.58715,49.18221
70,23,20425,2019-05-29 13:00,-96.58712,49.18227
70,23,20425,2019-05-29 13:30,-96.58719,49.18231
70,23,20425,2019-05-29 14:00,-96.58713,49.1823
70,23,20425,2019-05-29 14:30,-96.58707,49.18219
70,23,20425,2019-05-29 15:00,-96.58693,49.18229
70,23,20425,2019-05-29 15:30,-96.58631,49.18177
71,23,20425,2019-05-29 12:00,-96.58717,49.18238
71,23,20425,2019-05-29 12:30,-96.58715,49.18221
71,23,20425,2019-05-29 13:00,-96.58712,49.18227
71,23,20425,2019-05-29 13:30,-96.58719,49.18231
71,23,20425,2019-05-29 14:00,-96.58713,49.1823
71,23,20425,2019-05-29 14:30,-96.58707,49.18219
71,23,20425,2019-05-29 15:00,-96.58693,49.18229
71,23,20425,2019-05-29 15:30,-96.58631,49.18177
71,23,20425,2019-05-29 16:00,-96.58632,49.18174
72,23,20425,2019-05-29 11:00,-96.58768,49.18167
72,23,20425,2019-05-29 11:30,-96.58757,49.18216
72,23,20425,2019-05-29 12:00,-96.58717,49.18238
72,23,20425,2019-05-29 12:30,-96.58715,49.18221
72,23,20425,2019-05-29 13:00,-96.58712,49.18227
72,23,20425,2019-05-29 13:30,-96.58719,49.18231
72,23,20425,2019-05-29 14:00,-96.58713,49.1823
72,23,20425,2019-05-29 14:30,-96.58707,49.18219
72,23,20425,2019-05-29 15:00,-96.58693,49.18229
73,24,19580,2019-06-18 9:30,-96.59275,49.17491
73,24,19580,2019-06-18 10:00,-96.59064,49.17612
73,24,19580,2019-06-18 10:30,-96.59359,49.17509
73,24,19580,2019-06-18 11:00,-96.59356,49.17513
73,24,19580,2019-06-18 11:30,-96.59348,49.17487
73,24,19580,2019-06-18 12:00,-96.59347,49.17485
73,24,19580,2019-06-18 12:30,-96.5935,49.17496
73,24,19580,2019-06-18 13:00,-96.59348,49.17491
73,24,19580,2019-06-18 13:30,-96.5914,49.17479
74,24,19580,2019-06-18 10:00,-96.59064,49.17612
74,24,19580,2019-06-18 10:30,-96.59359,49.17509
74,24,19580,2019-06-18 11:00,-96.59356,49.17513
74,24,19580,2019-06-18 11:30,-96.59348,49.17487
74,24,19580,2019-06-18 12:00,-96.59347,49.17485
74,24,19580,2019-06-18 12:30,-96.5935,49.17496
74,24,19580,2019-06-18 13:00,-96.59348,49.17491
74,24,19580,2019-06-18 13:30,-96.5914,49.17479
74,24,19580,2019-06-18 14:00,-96.59135,49.17475
75,24,19580,2019-06-18 11:00,-96.59356,49.17513
75,24,19580,2019-06-18 11:30,-96.59348,49.17487
75,24,19580,2019-06-18 12:00,-96.59347,49.17485
75,24,19580,2019-06-18 12:30,-96.5935,49.17496
75,24,19580,2019-06-18 13:00,-96.59348,49.17491
75,24,19580,2019-06-18 13:30,-96.5914,49.17479
75,24,19580,2019-06-18 14:00,-96.59135,49.17475
75,24,19580,2019-06-18 14:30,-96.59107,49.17477
75,24,19580,2019-06-18 15:00,-96.59115,49.1743
76,25,20425,2019-05-21 10:30,-96.60089,49.16633
76,25,20425,2019-05-21 11:00,-96.6011,49.16619
76,25,20425,2019-05-21 11:30,-96.60091,49.16632
76,25,20425,2019-05-21 12:00,-96.601,49.16629
76,25,20425,2019-05-21 12:30,-96.60086,49.16639
76,25,20425,2019-05-21 13:00,-96.60079,49.16633
76,25,20425,2019-05-21 13:30,-96.60063,49.16622
76,25,20425,2019-05-21 14:00,-96.59821,49.1654
76,25,20425,2019-05-21 14:30,-96.59826,49.16511
77,25,20425,2019-05-21 8:30,-96.60069,49.16638
77,25,20425,2019-05-21 9:00,-96.6007,49.16635
77,25,20425,2019-05-21 9:30,-96.60077,49.16622
77,25,20425,2019-05-21 10:00,-96.6012,49.16638
77,25,20425,2019-05-21 10:30,-96.60089,49.16633
77,25,20425,2019-05-21 11:00,-96.6011,49.16619
77,25,20425,2019-05-21 11:30,-96.60091,49.16632
77,25,20425,2019-05-21 12:00,-96.601,49.16629
77,25,20425,2019-05-21 12:30,-96.60086,49.16639
78,25,20425,2019-05-21 9:30,-96.60077,49.16622
78,25,20425,2019-05-21 10:00,-96.6012,49.16638
78,25,20425,2019-05-21 10:30,-96.60089,49.16633
78,25,20425,2019-05-21 11:00,-96.6011,49.16619
78,25,20425,2019-05-21 11:30,-96.60091,49.16632
78,25,20425,2019-05-21 12:00,-96.601,49.16629
78,25,20425,2019-05-21 12:30,-96.60086,49.16639
78,25,20425,2019-05-21 13:00,-96.60079,49.16633
78,25,20425,2019-05-21 13:30,-96.60063,49.16622
79,26,15450,2019-06-19 14:30,-96.55118,49.06624
79,26,15450,2019-06-19 15:00,-96.55112,49.06625
79,26,15450,2019-06-19 15:30,-96.55115,49.06628
79,26,15450,2019-06-19 16:00,-96.55098,49.06623
79,26,15450,2019-06-19 16:30,-96.55072,49.06619
79,26,15450,2019-06-19 17:00,-96.55108,49.06623
79,26,15450,2019-06-19 17:30,-96.5511,49.06619
79,26,15450,2019-06-19 18:00,-96.55108,49.06615
79,26,15450,2019-06-19 18:30,-96.551,49.06629
80,26,15450,2019-06-19 14:00,-96.55121,49.06625
80,26,15450,2019-06-19 14:30,-96.55118,49.06624
80,26,15450,2019-06-19 15:00,-96.55112,49.06625
80,26,15450,2019-06-19 15:30,-96.55115,49.06628
80,26,15450,2019-06-19 16:00,-96.55098,49.06623
80,26,15450,2019-06-19 16:30,-96.55072,49.06619
80,26,15450,2019-06-19 17:00,-96.55108,49.06623
80,26,15450,2019-06-19 17:30,-96.5511,49.06619
80,26,15450,2019-06-19 18:00,-96.55108,49.06615
81,26,15450,2019-06-19 17:00,-96.55108,49.06623
81,26,15450,2019-06-19 17:30,-96.5511,49.06619
81,26,15450,2019-06-19 18:00,-96.55108,49.06615
81,26,15450,2019-06-19 18:30,-96.551,49.06629
81,26,15450,2019-06-19 19:00,-96.55104,49.06619
81,26,15450,2019-06-19 19:30,-96.55024,49.06625
81,26,15450,2019-06-19 20:00,-96.54975,49.06642
81,26,15450,2019-06-19 20:30,-96.54856,49.06679
81,26,15450,2019-06-19 21:01,-96.54787,49.06679
82,27,15450,2019-06-19 12:00,-96.55042,49.06506
82,27,15450,2019-06-19 12:30,-96.55148,49.06596
82,27,15450,2019-06-19 13:00,-96.55127,49.06625
82,27,15450,2019-06-19 13:30,-96.55114,49.06621
82,27,15450,2019-06-19 14:00,-96.55121,49.06625
82,27,15450,2019-06-19 14:30,-96.55118,49.06624
82,27,15450,2019-06-19 15:00,-96.55112,49.06625
82,27,15450,2019-06-19 15:30,-96.55115,49.06628
82,27,15450,2019-06-19 16:00,-96.55098,49.06623
83,27,15450,2019-06-19 12:30,-96.55148,49.06596
83,27,15450,2019-06-19 13:00,-96.55127,49.06625
83,27,15450,2019-06-19 13:30,-96.55114,49.06621
83,27,15450,2019-06-19 14:00,-96.55121,49.06625
83,27,15450,2019-06-19 14:30,-96.55118,49.06624
83,27,15450,2019-06-19 15:00,-96.55112,49.06625
83,27,15450,2019-06-19 15:30,-96.55115,49.06628
83,27,15450,2019-06-19 16:00,-96.55098,49.06623
83,27,15450,2019-06-19 16:30,-96.55072,49.06619
84,27,15450,2019-06-19 13:30,-96.55114,49.06621
84,27,15450,2019-06-19 14:00,-96.55121,49.06625
84,27,15450,2019-06-19 14:30,-96.55118,49.06624
84,27,15450,2019-06-19 15:00,-96.55112,49.06625
84,27,15450,2019-06-19 15:30,-96.55115,49.06628
84,27,15450,2019-06-19 16:00,-96.55098,49.06623
84,27,15450,2019-06-19 16:30,-96.55072,49.06619
84,27,15450,2019-06-19 17:00,-96.55108,49.06623
84,27,15450,2019-06-19 17:30,-96.5511,49.06619
85,28,20430,2019-05-31 13:30,-96.62691,49.20979
85,28,20430,2019-05-31 14:00,-96.62683,49.20983
85,28,20430,2019-05-31 14:30,-96.62386,49.21085
85,28,20430,2019-05-31 15:00,-96.62024,49.21469
85,28,20430,2019-05-31 15:30,-96.61937,49.21411
85,28,20430,2019-05-31 16:00,-96.61936,49.21404
85,28,20430,2019-05-31 16:30,-96.61943,49.21374
85,28,20430,2019-05-31 17:00,-96.61894,49.21379
85,28,20430,2019-05-31 17:30,-96.61874,49.21353
86,28,20430,2019-05-31 11:30,-96.62926,49.2087
86,28,20430,2019-05-31 12:00,-96.62871,49.20899
86,28,20430,2019-05-31 12:30,-96.62681,49.2098
86,28,20430,2019-05-31 13:00,-96.62686,49.20977
86,28,20430,2019-05-31 13:30,-96.62691,49.20979
86,28,20430,2019-05-31 14:00,-96.62683,49.20983
86,28,20430,2019-05-31 14:30,-96.62386,49.21085
86,28,20430,2019-05-31 15:00,-96.62024,49.21469
86,28,20430,2019-05-31 15:30,-96.61937,49.21411
87,28,20430,2019-05-31 11:00,-96.62935,49.20857
87,28,20430,2019-05-31 11:30,-96.62926,49.2087
87,28,20430,2019-05-31 12:00,-96.62871,49.20899
87,28,20430,2019-05-31 12:30,-96.62681,49.2098
87,28,20430,2019-05-31 13:00,-96.62686,49.20977
87,28,20430,2019-05-31 13:30,-96.62691,49.20979
87,28,20430,2019-05-31 14:00,-96.62683,49.20983
87,28,20430,2019-05-31 14:30,-96.62386,49.21085
87,28,20430,2019-05-31 15:00,-96.62024,49.21469
88,29,20431,2019-05-31 6:43,-96.63854,49.16568
88,29,20431,2019-05-31 13:30,-96.63829,49.16579
88,29,20431,2019-05-31 15:13,-96.63903,49.16467
88,29,20431,2019-05-31 15:30,-96.63901,49.16464
88,29,20431,2019-05-31 16:00,-96.63892,49.16467
88,29,20431,2019-05-31 16:30,-96.63896,49.16471
88,29,20431,2019-05-31 17:00,-96.63899,49.16475
88,29,20431,2019-05-31 17:30,-96.63848,49.166
88,29,20431,2019-05-31 18:00,-96.63965,49.16533
89,29,20431,2019-05-31 13:30,-96.63829,49.16579
89,29,20431,2019-05-31 15:13,-96.63903,49.16467
89,29,20431,2019-05-31 15:30,-96.63901,49.16464
89,29,20431,2019-05-31 16:00,-96.63892,49.16467
89,29,20431,2019-05-31 16:30,-96.63896,49.16471
89,29,20431,2019-05-31 17:00,-96.63899,49.16475
89,29,20431,2019-05-31 17:30,-96.63848,49.166
89,29,20431,2019-05-31 18:00,-96.63965,49.16533
89,29,20431,2019-05-31 18:30,-96.63844,49.16556
90,29,20431,2019-05-30 16:00,-96.63955,49.16858
90,29,20431,2019-05-31 6:43,-96.63854,49.16568
90,29,20431,2019-05-31 13:30,-96.63829,49.16579
90,29,20431,2019-05-31 15:13,-96.63903,49.16467
90,29,20431,2019-05-31 15:30,-96.63901,49.16464
90,29,20431,2019-05-31 16:00,-96.63892,49.16467
90,29,20431,2019-05-31 16:30,-96.63896,49.16471
90,29,20431,2019-05-31 17:00,-96.63899,49.16475
90,29,20431,2019-05-31 17:30,-96.63848,49.166
91,30,20435,2019-06-11 10:30,-96.58906,49.16885
91,30,20435,2019-06-11 11:00,-96.59104,49.16892
91,30,20435,2019-06-11 11:30,-96.59193,49.16877
91,30,20435,2019-06-11 12:00,-96.59167,49.16871
91,30,20435,2019-06-11 12:30,-96.59169,49.16866
91,30,20435,2019-06-11 13:00,-96.58866,49.16875
91,30,20435,2019-06-11 13:30,-96.58893,49.16891
91,30,20435,2019-06-11 14:00,-96.58893,49.16886
91,30,20435,2019-06-11 14:30,-96.58898,49.16885
92,31,20431,2019-06-13 20:00,-96.61103,49.18504
92,31,20431,2019-06-13 20:30,-96.61153,49.18378
92,31,20431,2019-06-13 21:00,-96.61169,49.18439
92,31,20431,2019-06-13 21:30,-96.60908,49.17977
92,31,20431,2019-06-13 22:00,-96.60901,49.17979
92,31,20431,2019-06-13 22:30,-96.60855,49.17974
92,31,20431,2019-06-13 23:00,-96.60844,49.17974
92,31,20431,2019-06-13 23:30,-96.60842,49.17974
92,31,20431,2019-06-14 0:00,-96.60849,49.17975
93,31,20431,2019-06-13 19:30,-96.61098,49.18507
93,31,20431,2019-06-13 20:00,-96.61103,49.18504
93,31,20431,2019-06-13 20:30,-96.61153,49.18378
93,31,20431,2019-06-13 21:00,-96.61169,49.18439
93,31,20431,2019-06-13 21:30,-96.60908,49.17977
93,31,20431,2019-06-13 22:00,-96.60901,49.17979
93,31,20431,2019-06-13 22:30,-96.60855,49.17974
93,31,20431,2019-06-13 23:00,-96.60844,49.17974
93,31,20431,2019-06-13 23:30,-96.60842,49.17974
94,31,20431,2019-06-13 20:30,-96.61153,49.18378
94,31,20431,2019-06-13 21:00,-96.61169,49.18439
94,31,20431,2019-06-13 21:30,-96.60908,49.17977
94,31,20431,2019-06-13 22:00,-96.60901,49.17979
94,31,20431,2019-06-13 22:30,-96.60855,49.17974
94,31,20431,2019-06-13 23:00,-96.60844,49.17974
94,31,20431,2019-06-13 23:30,-96.60842,49.17974
94,31,20431,2019-06-14 0:00,-96.60849,49.17975
94,31,20431,2019-06-14 0:30,-96.60871,49.17987
95,32,20431,2019-05-14 9:30,-96.63057,49.19989
95,32,20431,2019-05-14 10:00,-96.63306,49.19992
95,32,20431,2019-05-14 10:30,-96.63191,49.19812
95,32,20431,2019-05-14 11:00,-96.63235,49.19834
95,32,20431,2019-05-14 11:30,-96.63216,49.19822
95,32,20431,2019-05-14 12:00,-96.63215,49.19818
95,32,20431,2019-05-14 12:30,-96.63188,49.19815
95,32,20431,2019-05-14 13:00,-96.63182,49.19819
95,32,20431,2019-05-14 13:30,-96.63187,49.19827
96,32,20431,2019-05-14 10:00,-96.63306,49.19992
96,32,20431,2019-05-14 10:30,-96.63191,49.19812
96,32,20431,2019-05-14 11:00,-96.63235,49.19834
96,32,20431,2019-05-14 11:30,-96.63216,49.19822
96,32,20431,2019-05-14 12:00,-96.63215,49.19818
96,32,20431,2019-05-14 12:30,-96.63188,49.19815
96,32,20431,2019-05-14 13:00,-96.63182,49.19819
96,32,20431,2019-05-14 13:30,-96.63187,49.19827
96,32,20431,2019-05-14 14:00,-96.62997,49.20405
97,32,20431,2019-05-14 10:30,-96.63191,49.19812
97,32,20431,2019-05-14 11:00,-96.63235,49.19834
97,32,20431,2019-05-14 11:30,-96.63216,49.19822
97,32,20431,2019-05-14 12:00,-96.63215,49.19818
97,32,20431,2019-05-14 12:30,-96.63188,49.19815
97,32,20431,2019-05-14 13:00,-96.63182,49.19819
97,32,20431,2019-05-14 13:30,-96.63187,49.19827
97,32,20431,2019-05-14 14:00,-96.62997,49.20405
97,32,20431,2019-05-14 14:30,-96.62977,49.20412
98,33,20431,2019-06-02 13:00,-96.62954,49.16986
98,33,20431,2019-06-02 13:30,-96.62913,49.1695
98,33,20431,2019-06-02 14:00,-96.62915,49.16946
98,33,20431,2019-06-02 14:30,-96.62923,49.16937
98,33,20431,2019-06-02 15:00,-96.62916,49.16943
98,33,20431,2019-06-02 15:30,-96.62908,49.16887
98,33,20431,2019-06-02 16:00,-96.62908,49.16894
98,33,20431,2019-06-02 16:30,-96.63078,49.17197
98,33,20431,2019-06-02 17:00,-96.63076,49.17223
99,33,20431,2019-06-02 12:00,-96.62971,49.16992
99,33,20431,2019-06-02 12:30,-96.62955,49.16996
99,33,20431,2019-06-02 13:00,-96.62954,49.16986
99,33,20431,2019-06-02 13:30,-96.62913,49.1695
99,33,20431,2019-06-02 14:00,-96.62915,49.16946
99,33,20431,2019-06-02 14:30,-96.62923,49.16937
99,33,20431,2019-06-02 15:00,-96.62916,49.16943
99,33,20431,2019-06-02 15:30,-96.62908,49.16887
99,33,20431,2019-06-02 16:00,-96.62908,49.16894
100,33,20431,2019-06-02 11:30,-96.62984,49.17006
100,33,20431,2019-06-02 12:00,-96.62971,49.16992
100,33,20431,2019-06-02 12:30,-96.62955,49.16996
100,33,20431,2019-06-02 13:00,-96.62954,49.16986
100,33,20431,2019-06-02 13:30,-96.62913,49.1695
100,33,20431,2019-06-02 14:00,-96.62915,49.16946
100,33,20431,2019-06-02 14:30,-96.62923,49.16937
100,33,20431,2019-06-02 15:00,-96.62916,49.16943
100,33,20431,2019-06-02 15:30,-96.62908,49.16887
101,34,15454,2019-05-30 6:30,-96.59053,49.15
101,34,15454,2019-05-30 7:00,-96.59067,49.14985
101,34,15454,2019-05-30 7:30,-96.59062,49.14991
101,34,15454,2019-05-30 8:00,-96.59059,49.14987
101,34,15454,2019-05-30 8:30,-96.59063,49.14988
101,34,15454,2019-05-30 9:00,-96.59062,49.14995
101,34,15454,2019-05-30 9:30,-96.5908,49.14973
101,34,15454,2019-05-30 10:00,-96.59194,49.15047
101,34,15454,2019-05-30 10:30,-96.59186,49.15047
102,34,15454,2019-05-30 6:00,-96.59116,49.15043
102,34,15454,2019-05-30 6:30,-96.59053,49.15
102,34,15454,2019-05-30 7:00,-96.59067,49.14985
102,34,15454,2019-05-30 7:30,-96.59062,49.14991
102,34,15454,2019-05-30 8:00,-96.59059,49.14987
102,34,15454,2019-05-30 8:30,-96.59063,49.14988
102,34,15454,2019-05-30 9:00,-96.59062,49.14995
102,34,15454,2019-05-30 9:30,-96.5908,49.14973
102,34,15454,2019-05-30 10:00,-96.59194,49.15047
103,34,15454,2019-05-30 5:30,-96.59073,49.15053
103,34,15454,2019-05-30 6:00,-96.59116,49.15043
103,34,15454,2019-05-30 6:30,-96.59053,49.15
103,34,15454,2019-05-30 7:00,-96.59067,49.14985
103,34,15454,2019-05-30 7:30,-96.59062,49.14991
103,34,15454,2019-05-30 8:00,-96.59059,49.14987
103,34,15454,2019-05-30 8:30,-96.59063,49.14988
103,34,15454,2019-05-30 9:00,-96.59062,49.14995
103,34,15454,2019-05-30 9:30,-96.5908,49.14973
104,35,20428,2019-06-28 20:30,-96.61177,49.14369
104,35,20428,2019-06-28 21:00,-96.6084,49.14427
104,35,20428,2019-06-28 21:30,-96.59739,49.14097
104,35,20428,2019-06-28 22:00,-96.59381,49.14482
104,35,20428,2019-06-28 22:30,-96.59253,49.14038
104,35,20428,2019-06-28 23:00,-96.58376,49.14355
104,35,20428,2019-06-28 23:30,-96.58427,49.14256
104,35,20428,2019-06-29 0:00,-96.5893,49.14199
104,35,20428,2019-06-29 0:30,-96.5893,49.14199
105,35,20428,2019-06-28 21:00,-96.6084,49.14427
105,35,20428,2019-06-28 21:30,-96.59739,49.14097
105,35,20428,2019-06-28 22:00,-96.59381,49.14482
105,35,20428,2019-06-28 22:30,-96.59253,49.14038
105,35,20428,2019-06-28 23:00,-96.58376,49.14355
105,35,20428,2019-06-28 23:30,-96.58427,49.14256
105,35,20428,2019-06-29 0:00,-96.5893,49.14199
105,35,20428,2019-06-29 0:30,-96.5893,49.14199
105,35,20428,2019-06-29 1:00,-96.58872,49.14218
106,36,20435,2019-05-30 15:00,-96.58613,49.14934
106,36,20435,2019-05-30 15:30,-96.58698,49.14968
106,36,20435,2019-05-30 16:00,-96.58945,49.1496
106,36,20435,2019-05-30 16:30,-96.58947,49.14972
106,36,20435,2019-05-30 17:00,-96.58929,49.14969
106,36,20435,2019-05-30 17:30,-96.5894,49.14963
106,36,20435,2019-05-30 18:00,-96.5894,49.14966
106,36,20435,2019-05-30 18:30,-96.58947,49.14964
106,36,20435,2019-05-30 19:00,-96.58951,49.14965
107,36,20435,2019-05-30 10:00,-96.58669,49.14907
107,36,20435,2019-05-30 10:30,-96.58661,49.14908
107,36,20435,2019-05-30 11:00,-96.58661,49.14903
107,36,20435,2019-05-30 11:30,-96.58673,49.14909
107,36,20435,2019-05-30 12:00,-96.58675,49.14903
107,36,20435,2019-05-30 12:30,-96.58704,49.14897
107,36,20435,2019-05-30 13:00,-96.58715,49.14898
107,36,20435,2019-05-30 13:30,-96.58702,49.14903
107,36,20435,2019-05-30 14:00,-96.58709,49.14911
108,36,20435,2019-05-30 14:30,-96.58717,49.14905
108,36,20435,2019-05-30 15:00,-96.58613,49.14934
108,36,20435,2019-05-30 15:30,-96.58698,49.14968
108,36,20435,2019-05-30 16:00,-96.58945,49.1496
108,36,20435,2019-05-30 16:30,-96.58947,49.14972
108,36,20435,2019-05-30 17:00,-96.58929,49.14969
108,36,20435,2019-05-30 17:30,-96.5894,49.14963
108,36,20435,2019-05-30 18:00,-96.5894,49.14966
108,36,20435,2019-05-30 18:30,-96.58947,49.14964
109,37,17136,2019-06-25 9:30,-96.58941,49.20326
109,37,17136,2019-06-25 10:30,-96.59235,49.20459
109,37,17136,2019-06-25 11:00,-96.59255,49.20466
109,37,17136,2019-06-25 11:30,-96.5918,49.20545
109,37,17136,2019-06-25 12:00,-96.59183,49.20546
109,37,17136,2019-06-25 12:30,-96.59176,49.20544
109,37,17136,2019-06-25 13:00,-96.59171,49.20543
109,37,17136,2019-06-25 13:30,-96.59131,49.20594
109,37,17136,2019-06-25 14:00,-96.59165,49.20555
110,37,17136,2019-06-25 9:00,-96.58909,49.20361
110,37,17136,2019-06-25 9:30,-96.58941,49.20326
110,37,17136,2019-06-25 10:30,-96.59235,49.20459
110,37,17136,2019-06-25 11:00,-96.59255,49.20466
110,37,17136,2019-06-25 11:30,-96.5918,49.20545
110,37,17136,2019-06-25 12:00,-96.59183,49.20546
110,37,17136,2019-06-25 12:30,-96.59176,49.20544
110,37,17136,2019-06-25 13:00,-96.59171,49.20543
110,37,17136,2019-06-25 13:30,-96.59131,49.20594
111,37,17136,2019-06-25 10:30,-96.59235,49.20459
111,37,17136,2019-06-25 11:00,-96.59255,49.20466
111,37,17136,2019-06-25 11:30,-96.5918,49.20545
111,37,17136,2019-06-25 12:00,-96.59183,49.20546
111,37,17136,2019-06-25 12:30,-96.59176,49.20544
111,37,17136,2019-06-25 13:00,-96.59171,49.20543
111,37,17136,2019-06-25 13:30,-96.59131,49.20594
111,37,17136,2019-06-25 14:00,-96.59165,49.20555
111,37,17136,2019-06-25 14:30,-96.59189,49.20536
112,38,20430,2019-05-31 12:30,-96.62681,49.2098
112,38,20430,2019-05-31 13:00,-96.62686,49.20977
112,38,20430,2019-05-31 13:30,-96.62691,49.20979
112,38,20430,2019-05-31 14:00,-96.62683,49.20983
112,38,20430,2019-05-31 14:30,-96.62386,49.21085
112,38,20430,2019-05-31 15:00,-96.62024,49.21469
112,38,20430,2019-05-31 15:30,-96.61937,49.21411
112,38,20430,2019-05-31 16:00,-96.61936,49.21404
112,38,20430,2019-05-31 16:30,-96.61943,49.21374
113,38,20430,2019-05-31 13:30,-96.62691,49.20979
113,38,20430,2019-05-31 14:00,-96.62683,49.20983
113,38,20430,2019-05-31 14:30,-96.62386,49.21085
113,38,20430,2019-05-31 15:00,-96.62024,49.21469
113,38,20430,2019-05-31 15:30,-96.61937,49.21411
113,38,20430,2019-05-31 16:00,-96.61936,49.21404
113,38,20430,2019-05-31 16:30,-96.61943,49.21374
113,38,20430,2019-05-31 17:00,-96.61894,49.21379
113,38,20430,2019-05-31 17:30,-96.61874,49.21353
114,38,20430,2019-05-31 11:30,-96.62926,49.2087
114,38,20430,2019-05-31 12:00,-96.62871,49.20899
114,38,20430,2019-05-31 12:30,-96.62681,49.2098
114,38,20430,2019-05-31 13:00,-96.62686,49.20977
114,38,20430,2019-05-31 13:30,-96.62691,49.20979
114,38,20430,2019-05-31 14:00,-96.62683,49.20983
114,38,20430,2019-05-31 14:30,-96.62386,49.21085
114,38,20430,2019-05-31 15:00,-96.62024,49.21469
114,38,20430,2019-05-31 15:30,-96.61937,49.21411
115,39,20428,2019-07-14 15:30,-96.60646,49.14366
115,39,20428,2019-07-14 16:00,-96.60647,49.1437
115,39,20428,2019-07-14 16:30,-96.60642,49.14362
115,39,20428,2019-07-14 17:00,-96.60672,49.14373
115,39,20428,2019-07-14 17:30,-96.60674,49.14374
115,39,20428,2019-07-14 18:00,-96.60686,49.14363
115,39,20428,2019-07-14 18:30,-96.60672,49.14371
115,39,20428,2019-07-14 19:00,-96.60657,49.14367
115,39,20428,2019-07-14 19:30,-96.60553,49.14305
116,39,20428,2019-07-14 15:00,-96.60644,49.14368
116,39,20428,2019-07-14 15:30,-96.60646,49.14366
116,39,20428,2019-07-14 16:00,-96.60647,49.1437
116,39,20428,2019-07-14 16:30,-96.60642,49.14362
116,39,20428,2019-07-14 17:00,-96.60672,49.14373
116,39,20428,2019-07-14 17:30,-96.60674,49.14374
116,39,20428,2019-07-14 18:00,-96.60686,49.14363
116,39,20428,2019-07-14 18:30,-96.60672,49.14371
116,39,20428,2019-07-14 19:00,-96.60657,49.14367
117,39,20428,2019-07-14 10:00,-96.60985,49.14471
117,39,20428,2019-07-14 10:30,-96.60888,49.14317
117,39,20428,2019-07-14 11:00,-96.60949,49.14243
117,39,20428,2019-07-14 11:30,-96.60745,49.14367
117,39,20428,2019-07-14 12:00,-96.60678,49.14375
117,39,20428,2019-07-14 12:30,-96.60645,49.14362
117,39,20428,2019-07-14 13:00,-96.60655,49.1436
117,39,20428,2019-07-14 13:30,-96.60646,49.14372
117,39,20428,2019-07-14 14:00,-96.6065,49.14362
118,40,20430,2019-06-20 23:00,-96.62665,49.2824
118,40,20430,2019-06-20 23:30,-96.62642,49.28279
118,40,20430,2019-06-21 0:00,-96.62673,49.28262
118,40,20430,2019-06-21 0:30,-96.62687,49.28263
118,40,20430,2019-06-21 1:00,-96.62751,49.28287
118,40,20430,2019-06-21 1:30,-96.6264,49.28281
118,40,20430,2019-06-21 2:00,-96.62719,49.28277
118,40,20430,2019-06-21 2:30,-96.62644,49.28313
118,40,20430,2019-06-21 3:00,-96.62683,49.28272
119,40,20430,2019-06-21 0:00,-96.62673,49.28262
119,40,20430,2019-06-21 0:30,-96.62687,49.28263
119,40,20430,2019-06-21 1:00,-96.62751,49.28287
119,40,20430,2019-06-21 1:30,-96.6264,49.28281
119,40,20430,2019-06-21 2:00,-96.62719,49.28277
119,40,20430,2019-06-21 2:30,-96.62644,49.28313
119,40,20430,2019-06-21 3:00,-96.62683,49.28272
119,40,20430,2019-06-21 3:30,-96.62685,49.2827
119,40,20430,2019-06-21 4:00,-96.62654,49.28242
120,40,20430,2019-06-21 1:00,-96.62751,49.28287
120,40,20430,2019-06-21 1:30,-96.6264,49.28281
120,40,20430,2019-06-21 2:00,-96.62719,49.28277
120,40,20430,2019-06-21 2:30,-96.62644,49.28313
120,40,20430,2019-06-21 3:00,-96.62683,49.28272
120,40,20430,2019-06-21 3:30,-96.62685,49.2827
120,40,20430,2019-06-21 4:00,-96.62654,49.28242
120,40,20430,2019-06-21 4:30,-96.62362,49.27943
120,40,20430,2019-06-21 5:00,-96.60901,49.26116
121,41,15450,2019-07-05 8:00,-96.54043,49.06701
121,41,15450,2019-07-05 8:30,-96.54989,49.06566
121,41,15450,2019-07-05 9:00,-96.55,49.06584
121,41,15450,2019-07-05 9:30,-96.55,49.06584
121,41,15450,2019-07-05 10:00,-96.55001,49.06587
121,41,15450,2019-07-05 10:30,-96.54977,49.0658
121,41,15450,2019-07-05 11:00,-96.5497,49.06561
121,41,15450,2019-07-05 11:30,-96.54979,49.06572
121,41,15450,2019-07-05 12:00,-96.5502,49.0665
122,41,15450,2019-07-05 7:00,-96.54255,49.067
122,41,15450,2019-07-05 7:30,-96.54275,49.06684
122,41,15450,2019-07-05 8:00,-96.54043,49.06701
122,41,15450,2019-07-05 8:30,-96.54989,49.06566
122,41,15450,2019-07-05 9:00,-96.55,49.06584
122,41,15450,2019-07-05 9:30,-96.55,49.06584
122,41,15450,2019-07-05 10:00,-96.55001,49.06587
122,41,15450,2019-07-05 10:30,-96.54977,49.0658
122,41,15450,2019-07-05 11:00,-96.5497,49.06561
123,41,15450,2019-07-05 7:30,-96.54275,49.06684
123,41,15450,2019-07-05 8:00,-96.54043,49.06701
123,41,15450,2019-07-05 8:30,-96.54989,49.06566
123,41,15450,2019-07-05 9:00,-96.55,49.06584
123,41,15450,2019-07-05 9:30,-96.55,49.06584
123,41,15450,2019-07-05 10:00,-96.55001,49.06587
123,41,15450,2019-07-05 10:30,-96.54977,49.0658
123,41,15450,2019-07-05 11:00,-96.5497,49.06561
123,41,15450,2019-07-05 11:30,-96.54979,49.06572
124,42,20435,2019-05-26 6:30,-96.59752,49.14156
124,42,20435,2019-05-26 7:00,-96.59747,49.14142
124,42,20435,2019-05-26 7:30,-96.59749,49.14136
124,42,20435,2019-05-26 8:00,-96.59751,49.14146
124,42,20435,2019-05-26 8:30,-96.59756,49.14138
124,42,20435,2019-05-26 9:00,-96.59752,49.14137
124,42,20435,2019-05-26 9:30,-96.59749,49.14139
124,42,20435,2019-05-26 10:00,-96.59749,49.14138
124,42,20435,2019-05-26 10:30,-96.598,49.14109
125,42,20435,2019-05-26 7:00,-96.59747,49.14142
125,42,20435,2019-05-26 7:30,-96.59749,49.14136
125,42,20435,2019-05-26 8:00,-96.59751,49.14146
125,42,20435,2019-05-26 8:30,-96.59756,49.14138
125,42,20435,2019-05-26 9:00,-96.59752,49.14137
125,42,20435,2019-05-26 9:30,-96.59749,49.14139
125,42,20435,2019-05-26 10:00,-96.59749,49.14138
125,42,20435,2019-05-26 10:30,-96.598,49.14109
125,42,20435,2019-05-26 11:00,-96.59844,49.14127
126,42,20435,2019-05-26 5:30,-96.5916,49.14022
126,42,20435,2019-05-26 6:00,-96.59498,49.14025
126,42,20435,2019-05-26 6:30,-96.59752,49.14156
126,42,20435,2019-05-26 7:00,-96.59747,49.14142
126,42,20435,2019-05-26 7:30,-96.59749,49.14136
126,42,20435,2019-05-26 8:00,-96.59751,49.14146
126,42,20435,2019-05-26 8:30,-96.59756,49.14138
126,42,20435,2019-05-26 9:00,-96.59752,49.14137
126,42,20435,2019-05-26 9:30,-96.59749,49.14139